{"cameraMode":{"drawMode":0,"name":"Shaded","section":"Shading Mode"},"sceneLighting":true,"audioPlay":false,"sceneViewState":{"showFog":true,"showMaterialUpdate":false,"showSkybox":true,"showFlares":true,"showImageEffects":true,"showParticleSystems":true},"in2DMode":false,"pivot":{"x":-1.9800000190734864,"y":0.1600000262260437,"z":0.009999990463256836},"rotation":{"x":-0.18397340178489686,"y":0.11618304997682572,"z":-0.021708695217967035,"w":-0.9758871793746948},"size":4.068000316619873,"orthographic":false}